Datum,Kalorien (kcal),Distanz (m),Durchschnittliche Herzfrequenz (bpm),Maximale Herzfrequenz (bpm),Minimale Herzfrequenz (bpm),Minimaler Breitengrad (Grad),Minimaler Längengrad (Grad),Maximaler Breitengrad (Grad),Maximaler Längengrad (Grad),Durchschnittsgeschwindigkeit (m/s),Maximale Geschwindigkeit (m/s),Minimale Geschwindigkeit (m/s),Schrittzahl,Durchschnittsgewicht (kg),Maximales Gewicht (kg),Minimales Gewicht (kg),Radfahren – Dauer (ms),Inaktiv – Dauer (ms),Gehen – Dauer (ms),Laufen – Dauer (ms),Leichter Schlaf – Dauer (ms),Tiefer Schlaf – Dauer (ms),Wachphase beim Schlafen – Dauer (ms)
2014-10-28,,,,,,,,,,,,,22,75.0,75.0,75.0,,16123401,,,,,
2014-10-29,,,,,,47.30434799194336,7.8801445960998535,47.30434799194336,7.8801445960998535,0.5,0.5,0.5,4816,,,,,77277187,2506454,,,,
2014-10-30,,,,,,47.304481506347656,7.880041122436523,47.304481506347656,7.880041122436523,0.55901700258255,0.55901700258255,0.55901700258255,2568,,,,,71967221,1024901,,,,
2014-10-31,,,,,,47.304473876953125,7.879864692687988,47.304473876953125,7.879864692687988,,,,4669,,,,,75567844,2481828,,,,
2014-11-01,,,,,,,,,,1.0097109079360962,1.1180340051651,0.9013878107070923,1429,,,,,82906405,550476,,,,
2014-11-02,,,,,,,,,,0.55901700258255,0.55901700258255,0.55901700258255,95,,,,,86197697,,,,,
2014-11-03,,,,,,46.94858169555664,7.4372172355651855,46.94858169555664,7.4372172355651855,,,,4749,,,,,78340144,2772040,,,,
2014-11-04,,,,,,46.94859313964844,7.436776638031006,47.304664611816406,7.895277976989746,1.0885255336761475,1.6770509481430054,0.5,4799,,,,,76628773,2480369,,,,
2014-11-05,,,,,,46.94831085205078,7.434605121612549,47.30446243286133,7.879955291748047,28.0,31.75,24.25,4806,,,,,77920414,2823247,,,,
2014-11-06,,,,,,47.213497161865234,7.759006023406982,47.35762405395508,8.058626174926758,18.549509048461914,32.0,5.099019527435303,6931,,,,,71731197,3769725,,,,
2014-11-07,,,,,,46.94672775268555,7.4346795082092285,46.94672775268555,7.4346795082092285,0.5,0.5,0.5,5433,,,,,74512596,3088238,,,,
2014-11-08,,,,,,,,,,,,,12609,,,,,69764458,6553370,,,,
2014-11-09,,,,,,47.304264068603516,7.879778861999512,47.304466247558594,7.880080223083496,2.150827646255493,4.366062164306641,0.55901700258255,400,,,,,85941247,137218,,,,
2014-11-10,,,,,,46.94740676879883,7.4350714683532715,47.30613327026367,7.880560398101807,,,,4217,,,,,78250131,2379080,,,,
2014-11-11,,,,,,46.947235107421875,7.435072898864746,47.30613708496094,7.880295753479004,,,,4637,,,,,72032386,2579674,,,,
2014-11-12,,,,,,46.919132232666016,7.412147521972656,47.30617904663086,7.881344795227051,2.6691346168518066,3.75,1.4142135381698608,4676,,,,,78413588,2708734,,,,
2014-11-13,,,,,,46.94760513305664,7.435075283050537,47.304466247558594,7.8801069259643555,,,,3036,,,,,78582514,1511471,,,,
2014-11-14,,,,,,46.94731903076172,7.435086727142334,47.32135009765625,7.975402355194092,,,,4423,,,,,77689368,2003259,,,,
2014-11-15,,,,,,47.261478424072266,7.793229579925537,47.32304000854492,7.9482421875,,,,3752,,,,,80411956,1517958,,,,
2014-11-16,,,,,,47.30424880981445,7.879934310913086,47.30432891845703,7.880066871643066,,,,117,,,,,86321314,,,,,
2014-11-17,,,,,,46.94730758666992,7.434986114501953,47.30659103393555,7.880549430847168,26.75,26.75,26.75,4222,,,,,78636868,2057662,,,,
2014-11-18,,,,,,46.94731521606445,7.435074806213379,47.31709671020508,7.946691036224365,,,,3938,,,,,76264018,1930691,141920,,,
2014-11-19,,,,,,46.94685363769531,7.434436798095703,47.31637191772461,7.942691326141357,0.8256939053535461,0.9013878107070923,0.75,4264,,,,,78245040,2741929,,,,
2014-11-20,,,,,,46.94728469848633,7.435038089752197,47.30613327026367,7.8801589012146,1.0,1.0,1.0,3535,,,,,77253742,2059503,,,,
2014-11-21,,,,,,46.92639923095703,7.435041427612305,47.31637954711914,7.94276762008667,,,,5325,,,,,78575515,3004868,,,,
2014-11-22,,,,,,47.236167907714844,7.787222862243652,47.349586486816406,7.9337992668151855,0.55901700258255,0.55901700258255,0.55901700258255,5276,,,,,75761404,2871548,,,,
2014-11-23,,,,,,47.30424880981445,7.879950046539307,47.30448532104492,7.880214214324951,,,,79,,,,,43408642,25479,,,,
2015-02-06,,1753.49560546875,,,,47.30427551269531,7.879965782165527,47.3050422668457,7.881485939025879,,,,28,,,,,12733945,,,,,
2015-02-07,,72800.3125,,,,47.304264068603516,7.879863739013672,47.565948486328125,8.085518836975098,,,,2586,,,,,75169590,336039,,,,
2015-02-08,,62018.1015625,,,,47.30426025390625,7.878077983856201,47.47943878173828,8.19833755493164,,,,1847,,,,,83427817,268611,,,,
2015-02-09,,123512.53125,,,,46.94719696044922,7.43485164642334,47.30599594116211,7.88053560256958,,,,5773,,,,,80081094,2420690,166962,,,
2015-02-10,,116373.609375,,,,46.947269439697266,7.43487024307251,47.3065185546875,7.880598545074463,,,,4345,,,,,79144831,2224608,193091,,,
2015-02-11,,166259.1875,,,,47.304256439208984,7.878310680389404,47.4288444519043,8.542265892028809,,,,6299,,,,,77014390,3157195,,,,
2015-02-12,,118264.6796875,,,,47.304264068603516,7.8777174949646,47.427669525146484,8.539490699768066,,,,7727,,,,,77154310,3386744,,,,
2015-02-13,,139962.75,,,,47.30426788330078,7.87888765335083,47.430397033691406,8.538393020629883,,,,6825,,,,,79886242,3122875,,,,
2015-02-14,,72917.9140625,,,,47.216976165771484,7.773183822631836,47.306514739990234,7.90416145324707,,,,1170,,,,,82530553,441530,,,,
2015-02-15,,107.74913024902344,,,,47.304264068603516,7.879907608032227,47.304405212402344,7.880107402801514,,,,270,,,,,86400000,,,,,
2015-02-16,,136310.8125,,,,47.30424499511719,7.877504348754883,47.434669494628906,8.539515495300293,,,,6454,,,,,78455025,2892538,,,,
2015-02-17,,159463.234375,,,,47.30424118041992,7.87713098526001,47.436622619628906,8.539576530456543,,,,6616,,,,,77156024,2618982,,,,
2015-02-18,,111653.6640625,,,,46.947296142578125,7.4347825050354,47.306087493896484,7.880747318267822,,,,6978,,,,,78164029,2629819,304421,,,
2015-02-19,,279652.53125,,,,46.94723892211914,7.434868335723877,47.31298828125,7.930731296539307,,,,6728,,,,,76271472,3146775,,,,
2015-02-20,,157859.46875,,,,46.94780731201172,7.434882164001465,47.3934440612793,8.061728477478027,,,,6400,,,,,76088664,3330167,,,,
2015-02-21,,28950.787109375,,,,47.262535095214844,7.8019843101501465,47.32306671142578,7.9005913734436035,,,,3742,,,,,80490636,1394407,,,,
2015-02-22,,915.8490600585938,,,,47.30424118041992,7.878734588623047,47.30477523803711,7.880393981933594,,,,335,,,,,86132760,,,,,
2015-02-23,,112223.421875,,,,46.947208404541016,7.434871196746826,47.30657958984375,7.880840301513672,,,,5451,,,,,78099731,2304062,200183,,,
2015-02-24,,253600.140625,,,,46.94759750366211,7.4348673820495605,47.31282043457031,7.950579643249512,,,,5119,,,,,76675382,2367146,135415,,,
2015-02-25,,140625.5,,,,46.94723129272461,7.434837818145752,47.31282043457031,7.924882888793945,,,,6079,,,,,78843973,2490020,185430,,,
2015-02-26,,122843.1875,,,,46.94728088378906,7.434860706329346,47.30657196044922,7.881303310394287,,,,4616,,,,,79100199,2008301,121835,,,
2015-02-27,,332947.1875,,,,46.94727325439453,7.434788227081299,47.47884750366211,8.160053253173828,,,,5097,,,,,75704855,2727075,,,,
2015-02-28,,56306.94921875,,,,47.375892639160156,8.04481029510498,47.4808235168457,8.09879207611084,,,,5215,,,,,78400682,2618098,,,,
2015-03-01,,97759.6484375,,,,47.30418395996094,7.877015113830566,47.47884750366211,8.19803237915039,,,,1088,,,,,83151067,57784,,,,
2015-03-02,,235932.578125,,,,46.947269439697266,7.434871196746826,47.306583404541016,7.880127429962158,,,,4294,,,,,79453752,1738294,155608,,,
2015-03-03,,171970.59375,,,,46.94715881347656,7.434864521026611,47.306602478027344,7.941369533538818,,,,5607,,,,,77606652,3209165,,,,
2015-03-04,,176888.203125,,,,46.946922302246094,7.434807777404785,47.31280517578125,7.924877166748047,,,,5876,,,,,78490675,2851755,92521,,,
2015-03-05,,393504.53125,,,,46.947261810302734,7.434774398803711,47.31280517578125,7.9308366775512695,,,,5623,,,,,75566295,2471000,,,,
2015-03-06,,675157.5625,,,,46.94723129272461,7.434844017028809,47.4814567565918,8.209755897521973,,,,6356,,,,,76667536,2109337,184191,,,
2015-03-07,,90930.2578125,,,,47.26456832885742,7.820603370666504,47.312801361083984,7.9248785972595215,,,,1819,,,,,82450777,518789,,,,
2015-03-08,,2914.563232421875,,,,47.30426788330078,7.878664493560791,47.30515670776367,7.881243705749512,,,,418,,,,,86182128,,,,,
2015-03-09,,945074.1875,,,,46.94729232788086,7.434869766235352,47.31280517578125,7.924833297729492,,,,3875,,,,,78909391,1703730,134336,,,
2015-03-10,,305371.15625,,,,46.947208404541016,7.4348602294921875,47.306419372558594,7.941363334655762,,,,6883,,,,,76223302,2925415,,,,
2015-03-11,,126312.8671875,,,,46.94721984863281,7.434874534606934,47.31087112426758,7.880590438842773,,,,5445,,,,,79063948,2670774,,,,
2015-03-12,,753.0,,,,46.94728469848633,7.434854030609131,47.30661392211914,7.881034851074219,,,,5745,,,,,79046128,2086776,,,,
2015-03-13,,636.0,,,,46.947479248046875,7.434857368469238,47.3420524597168,7.942389488220215,,,,5283,,,,,73584027,2538712,,,,
2015-03-14,,2130.0,,,,47.04964828491211,7.871110439300537,47.31547927856445,8.311091423034668,,,,8133,,,,,62904464,4020528,,,,
2015-03-15,,,,,,47.30423355102539,7.878320217132568,47.30499267578125,7.880820274353027,,,,644,,,,,60435310,,,,,
2015-03-16,,,,,,47.30421829223633,7.877254009246826,47.305145263671875,7.881093502044678,,,,934,,,,,86298582,,,,,
2015-03-17,,1315.0,,,,46.94719314575195,7.434850692749023,47.310543060302734,7.880855083465576,,,,6024,,,,,78345453,2638951,,,,
2015-03-18,,1234.0,,,,46.94727325439453,7.434826850891113,47.30662536621094,7.881007194519043,,,,3820,,,,,79481254,1868424,,,,
2015-03-19,,895.0,,,,46.94715881347656,7.434842109680176,47.306453704833984,7.881222248077393,,,,5302,,,,,79299638,2881976,,,,
2015-03-20,,1237.0,,,,46.94715118408203,7.4348368644714355,47.30660629272461,7.880950450897217,,,,6228,,,,,78248243,2890901,,,,
2015-03-21,,346.0,,,,47.287269592285156,7.706175804138184,47.3115119934082,7.941814422607422,,,,3609,,,,,77856403,1470237,,,,
2015-03-22,,,,,,47.30430603027344,7.8796186447143555,47.304649353027344,7.880286693572998,,,,,,,,,86400000,,,,,
2015-03-23,,1181.0,,,,46.94728088378906,7.434873580932617,47.30660629272461,7.88068962097168,,,,5160,,,,,79355493,1593709,222052,,,
2015-03-24,,1920.0,,,,46.94730758666992,7.434831619262695,47.35189437866211,7.941371440887451,,,,8308,,,,,75341106,3157381,96649,,,
2015-03-25,,1024.0,,,,46.947288513183594,7.4348626136779785,47.30660629272461,7.880251407623291,,,,4106,,,,,77768637,2199567,121162,,,
2015-03-26,,1341.0,,,,46.94723892211914,7.4348464012146,47.31997299194336,7.923649311065674,,,,4307,,,,,77317306,2088099,,,,
2015-03-27,,1118.0,,,,46.94725036621094,7.434823513031006,47.48527145385742,8.173476219177246,,,,7928,,,,,71951149,3215598,129309,,,
2015-03-28,,882.0,,,,47.39858627319336,8.049393653869629,47.48880386352539,8.308713912963867,,,,2983,,,,,78530923,889898,,,,
2015-03-29,,,,,,47.30427932739258,7.877128601074219,47.479652404785156,8.197490692138672,,,,620,,,,,68055527,116595,,,,
2015-03-30,,897.0,,,,46.94717788696289,7.4348673820495605,47.306461334228516,7.880216121673584,,,,5011,,,,,74970755,2355847,,,,
2015-03-31,,,,,,47.30427932739258,7.877773761749268,47.304595947265625,7.880363941192627,,,,248,,,,,86366932,33068,,,,
2015-04-01,,1567.0,,,,46.94728088378906,7.434700965881348,47.30647659301758,7.8805975914001465,,,,6267,,,,,78352929,2491446,90926,,,
2015-04-02,,1057.0,,,,46.946292877197266,7.434844493865967,47.306427001953125,7.880603790283203,,,,5881,,,,,77675236,2916082,,,,
2015-04-03,,,,,,47.30427551269531,7.877542972564697,47.305091857910156,7.880284786224365,,,,225,,,,,86340818,,,,,
2015-04-04,,,,,,47.304283142089844,7.87941837310791,47.30437469482422,7.879992961883545,,,,,,,,,86400000,,,,,
2015-04-05,,,,,,47.26277160644531,7.7801361083984375,47.32059097290039,7.908388137817383,,,,144,,,,,83602664,111960,,,,
2015-04-06,,,,,,47.30428695678711,7.87816858291626,47.30533981323242,7.88040018081665,,,,682,,,,,86311908,88092,,,,
2015-04-07,,679.0,,,,46.9472541809082,7.434858322143555,47.30646896362305,7.881054878234863,,,,4180,,,,,78866925,2078168,,,,
2015-04-08,,918.0,,,,46.9472541809082,7.4348464012146,47.31354522705078,7.934818267822266,,,,5438,,,,,76813702,2893762,,,,
2015-04-09,,2039.0,,,,46.9471435546875,7.434852123260498,47.30662536621094,7.880555629730225,,,,5113,,,,,78336151,2722134,,,,
2015-04-10,,1081.0,,,,46.94729232788086,7.434848308563232,47.47626876831055,8.17238712310791,,,,5593,,,,,76671029,2558142,,,,
2015-04-11,,,,,,47.4734992980957,8.026310920715332,47.50381088256836,8.085328102111816,,,,1124,,,,,83245657,260442,,,,
2015-04-12,,,,,,47.30430603027344,7.879114151000977,47.47688674926758,8.198118209838867,,,,697,,,,,84093173,63624,,,,
2015-04-13,,1043.0,,,,46.94762420654297,7.434874534606934,47.309722900390625,7.907805442810059,,,,4375,,,,,77941748,1989021,75038,,,
2015-04-14,,964.0,,,,46.947139739990234,7.434839725494385,47.309139251708984,7.908868789672852,,,,6580,,,,,78056428,3251254,147939,,,
2015-04-15,,1482.0,,,,46.94709777832031,7.434865474700928,47.309139251708984,7.904524326324463,,,,6411,,,,,77874953,2879369,,,,
2015-04-16,,2302.0,,,,46.94721984863281,7.434856414794922,47.3118896484375,7.920279026031494,,,,6119,,,,,78239366,2440144,,,,
2015-04-17,,557.0,,,,46.94715881347656,7.429103851318359,47.3094367980957,7.903417110443115,,,,4483,,,,,79070233,2068523,202874,,,
2015-04-18,,,,,,47.30390930175781,7.877378463745117,47.312686920166016,7.9300665855407715,,,,2247,,,,,78258693,1113963,,,,
2015-04-19,,,,,,46.99082565307617,7.8776044845581055,47.31489562988281,8.617599487304688,,,,1180,,,,,75662012,209971,,,,
2015-04-20,,850.0,,,,46.947574615478516,7.434823513031006,47.309410095214844,7.903239727020264,,,,5048,,,,,79398880,2141886,,,,
2015-04-21,,1120.0,,,,46.947166442871094,7.434876918792725,47.309181213378906,7.941401481628418,,,,5421,,,,,76885262,2743897,,,,
2015-04-22,,866.0,,,,46.947261810302734,7.434874057769775,47.31169509887695,7.919436931610107,,,,5266,,,,,78830393,2005094,,,,
2015-04-23,,903.0,,,,46.94729995727539,7.434844970703125,47.31254959106445,7.921227931976318,,,,4307,,,,,79138632,2346522,,,,
2015-04-24,,1144.0,,,,46.94711685180664,7.434867858886719,47.48524856567383,8.172402381896973,,,,3683,,,,,77524468,1973983,,,,
2015-04-25,,,,,,47.4503288269043,8.083526611328125,47.492462158203125,8.315496444702148,,,,1730,,,,,79208576,339150,,,,
2015-04-26,,,,,,47.30427932739258,7.877117156982422,47.477657318115234,8.23230266571045,,,,629,,,,,83873410,259502,,,,
2015-04-27,,1237.0,,,,46.94728088378906,7.434896469116211,47.312469482421875,8.310173988342285,,,,6193,,,,,79250133,2436934,,,,
2015-04-28,,87.0,,,,47.279476165771484,7.878519058227539,47.3929557800293,8.083133697509766,,,,4051,,,,,76359470,891287,,,,
2015-04-29,,3004.0,,,,46.947120666503906,7.434876441955566,47.312374114990234,7.920358657836914,,,,9075,,,,,76380725,3407138,60985,,,
2015-04-30,,961.0,,,,46.947086334228516,7.43479061126709,47.31230545043945,7.920018196105957,,,,6615,,,,,77590995,2944210,,,,
2015-05-01,,1073.0,,,,46.94729232788086,7.434885501861572,47.3122673034668,7.919836521148682,,,,4567,,,,,79333296,1591309,,,,
2015-05-02,,548.0,,,,47.261573791503906,7.8020453453063965,47.32313537597656,7.91967248916626,,,,3213,,,,,78641284,1480733,,,,
2015-05-03,,,,,,47.30427169799805,7.879701614379883,47.31188201904297,7.919570446014404,,,,383,,,,,86302603,,,,,
2015-05-04,,596.0,,,,46.94712448120117,7.434867858886719,47.306522369384766,7.88063907623291,,,,6617,,,,,78290453,2742071,122480,,,
2015-05-05,,1133.0,,,,46.947288513183594,7.434845924377441,47.31281280517578,7.9414143562316895,,,,5950,,,,,76717766,2815033,,,,
2015-05-06,,406.0,,,,46.947303771972656,7.434849739074707,47.30637741088867,7.880908489227295,,,,5115,,,,,78839240,1861463,63404,,,
2015-05-07,,771.0,,,,46.94713592529297,7.434832572937012,47.31187057495117,7.919267654418945,,,,6967,,,,,76745766,3222178,,,,
2015-05-08,,951.0,,,,47.29794692993164,7.876805305480957,47.392127990722656,8.084795951843262,,,,5914,,,,,77984550,2549240,,,,
2015-05-09,,3511.0,,,,47.304195404052734,7.588105201721191,47.56122970581055,7.918822765350342,,,,9559,,,,,72345444,4657144,,,,
2015-05-10,,,,,,47.30401611328125,7.877546310424805,47.30498504638672,7.880886077880859,,,,504,,,,,86400000,,,,,
2015-05-11,553.5069580078125,748.0,,,,46.94729995727539,7.434872150421143,47.306514739990234,7.880897521972656,,,,5212,,,,,78733593,1998568,233421,,,
2015-05-12,1923.70263671875,3020.027099609375,,,,46.194175720214844,7.42738676071167,47.31156921386719,8.173998832702637,,,,7652,,,,,61020669,3052442,,,,
2015-05-13,1924.3287353515625,1791.006591796875,,,,46.19108581542969,7.3789520263671875,47.3046875,8.12841796875,,,,4638,,,,,61928736,2513872,,,,
2015-05-14,1816.5947265625,241.56329345703125,,,,47.155418395996094,7.1841583251953125,47.31886291503906,7.902472496032715,,,,871,,,,,79445063,299671,,,,
2015-05-15,1961.7449951171875,3097.335693359375,,,,46.94713592529297,7.434796333312988,47.47688293457031,8.173545837402344,,,,5801,,,,,75964874,2833050,,,,
2015-05-16,1812.673828125,221.19760131835938,,,,47.47313690185547,8.028653144836426,47.50349807739258,8.085396766662598,0.75881028175354,0.91678786277771,0.6008327603340149,809,,,,,84498610,358510,,,,
2015-05-17,1795.287353515625,,,,,47.30387496948242,7.87809944152832,47.47586441040039,8.243147850036621,1.8679667711257935,1.8679667711257935,1.8679667711257935,659,,,,,83242101,,,,,
2015-05-18,1907.0615234375,1805.8297119140625,,,,46.94731521606445,7.434803009033203,47.30659103393555,7.880858421325684,0.5882176756858826,0.5882176756858826,0.5882176756858826,4708,,,,,79358888,1922660,,,,
2015-05-19,1951.755615234375,2227.744140625,,,,46.94731521606445,7.4348273277282715,47.30654525756836,7.880829334259033,1.257513403892517,1.3761178255081177,1.045466423034668,6292,,,,,78917359,2265100,146306,,,
2015-05-20,1910.866455078125,2085.682373046875,,,,46.94729232788086,7.328297138214111,47.30971908569336,7.893374443054199,1.409112811088562,2.027658700942993,0.504777193069458,5013,,,,,77668376,2201199,,,,
2015-05-21,2522.6865234375,7250.0087890625,,,,47.30377197265625,7.8781657218933105,47.31303787231445,7.9348015785217285,2.7441115379333496,7.266615390777588,0.5323532819747925,15739,,,,2880090,64704722,9298862,,,,
2015-05-22,2033.0224609375,5748.34130859375,,,,47.303958892822266,7.878204345703125,47.30661392211914,7.892498970031738,2.075605630874634,6.355249881744385,0.5096076726913452,8649,,,,977616,63283703,5299853,,,,
2015-05-23,1902.125,3879.1162109375,,,,47.29832458496094,7.873690605163574,47.325260162353516,7.919745445251465,8.075423240661621,19.740009307861328,1.3401492834091187,10869,,,,,74058137,4262626,,,,
2015-05-24,1842.124267578125,913.79345703125,,,,46.66233825683594,7.413164138793945,47.31221389770508,8.31374740600586,14.259183883666992,32.610740661621094,0.5656854510307312,2329,,,,,71319499,951139,,,,
2015-05-25,1804.475341796875,40.0,,,,47.30409240722656,7.879816055297852,47.30510330200195,7.881222248077393,1.625053882598877,1.625053882598877,1.625053882598877,779,,,,,86323280,76720,,,,
2015-05-26,2065.819091796875,5020.85888671875,,,,47.279422760009766,7.87633752822876,47.46266555786133,8.559822082519531,0.7377477884292603,0.8570297360420227,0.6184658408164978,9861,,,,,72737523,4795230,,,,
2015-05-27,1935.564697265625,2153.545166015625,,,,46.94731521606445,7.434664726257324,47.3065071105957,7.880489349365234,1.3482075929641724,2.110924005508423,0.5854912400245667,4491,,,,,79328379,1993488,150798,,,
2015-05-28,1974.421875,3056.238525390625,,,,46.9471321105957,7.432664394378662,47.30630874633789,7.892397403717041,1.0499999523162842,1.0499999523162842,1.0499999523162842,5782,,,,,78200856,3041942,,,,
2015-05-29,1935.2923583984375,3176.668212890625,,,,46.947330474853516,7.434812545776367,47.31185531616211,7.914522171020508,0.9200000166893005,0.9200000166893005,0.9200000166893005,7640,,,,,73670597,3343276,,,,
2015-05-30,1804.1439208984375,18.0,,,,47.30427169799805,7.879770755767822,47.30448532104492,7.879992961883545,1.0475200414657593,1.3238202333450317,0.5173973441123962,361,,,,,86328959,71041,,,,
2015-05-31,1802.1593017578125,20.87887954711914,,,,47.30419158935547,7.879495620727539,47.30451965332031,7.880063056945801,0.9610320925712585,2.449510097503662,0.62641841173172,1323,,,,,86362986,37014,,,,
2015-06-01,1926.326416015625,1931.5216064453125,,,,46.94723129272461,7.434861183166504,47.30644989013672,7.880987644195557,2.9123082160949707,4.462028503417969,0.9767292737960815,6185,,,,,77965044,2277443,,,,
2015-06-02,1946.865478515625,2579.749267578125,,,,46.94728088378906,7.434810161590576,47.30656051635742,7.88096809387207,1.5307505130767822,1.7300000190734863,0.5544366240501404,6084,,,,,79540261,2705963,,,,
2015-06-03,1958.78271484375,2661.54736328125,,,,46.947113037109375,7.4348344802856445,47.306434631347656,7.88107442855835,0.8151537179946899,1.6172198057174683,0.6800000071525574,6630,,,,,77392412,2880277,,,,
2015-06-04,1923.791748046875,2073.62744140625,,,,46.947208404541016,7.434699058532715,47.308868408203125,7.903677463531494,1.3821322917938232,1.7406320571899414,0.646219789981842,4330,,,,,79358659,2168667,,,,
2015-06-05,1915.2568359375,2043.2337646484375,,,,46.947059631347656,7.43481969833374,47.30650329589844,7.880876064300537,1.527969241142273,2.0080835819244385,1.0478549003601074,4253,,,,,79319205,1975833,,,,
2015-06-06,1800.0,,,,,47.3041877746582,7.879654407501221,47.3052978515625,7.880300045013428,0.9017467498779297,1.1915117502212524,0.5346026420593262,1143,,,,,86400000,,,,,
2015-06-07,1836.2349853515625,487.86358642578125,,,,47.30274200439453,7.875089645385742,47.39240646362305,8.057546615600586,2.309783458709717,12.060336112976074,0.6264982223510742,2212,,,,,83003200,674077,,,,
2015-06-08,1968.076904296875,2733.929931640625,,,,46.94706726074219,7.433194160461426,47.308837890625,7.903567314147949,,,,6307,,,,,78292886,2968333,,,,
2015-06-09,2013.46728515625,3431.044189453125,,,,46.94706344604492,7.434858798980713,47.35151290893555,7.941417694091797,1.2404203414916992,1.338693380355835,1.142147183418274,7414,,,,,76812086,3710942,,,,
2015-06-10,1942.88623046875,2340.06884765625,,,,46.94719314575195,7.434879302978516,47.30882263183594,7.903507232666016,1.5193836688995361,2.4600813388824463,0.5135172605514526,6084,,,,,78730242,2551449,,,,
2015-06-11,1949.023681640625,2380.531982421875,,,,46.946983337402344,7.433475494384766,47.3115234375,7.90346097946167,1.6159754991531372,1.8800265789031982,1.3519245386123657,6437,,,,,78840041,2569705,,,,
2015-06-12,1972.41650390625,2844.416015625,,,,46.947105407714844,7.43487548828125,47.30880355834961,7.90342378616333,1.5024312734603882,1.5024312734603882,1.5024312734603882,6832,,,,,77996813,3069774,,,,
2015-06-13,1931.943603515625,1548.1016845703125,,,,47.26304244995117,7.816945552825928,47.30984115600586,7.910694122314453,1.321027159690857,2.070676326751709,0.6529931426048279,3981,,,,,79842225,2627985,,,,
2015-06-14,1828.7930908203125,336.07318115234375,,,,47.30425262451172,7.877799987792969,47.47909164428711,8.175015449523926,7.698897361755371,15.390549659729004,0.5503635406494141,1558,,,,,79889965,493599,,,,
2015-06-15,2236.88818359375,7834.27734375,,,,28.054845809936523,-16.780811309814453,47.46403884887695,8.570332527160645,8.7962064743042,27.980457305908203,0.5107837319374084,14805,,,,,64685650,8434197,,,,
2015-06-16,2055.962646484375,3511.770263671875,,,,28.06580924987793,-16.78080940246582,28.12718391418457,-16.72910499572754,1.542170524597168,2.526757001876831,0.5575840473175049,7790,,,,,81290187,4577900,,,,
2015-06-17,1656.7132568359375,3004.1572265625,,,,28.06580924987793,-16.78080940246582,28.127185821533203,-16.728931427001953,,,,6281,,,,,65416862,3711939,,,,
2015-06-18,1968.641845703125,2855.363037109375,,,,28.07282829284668,-16.780811309814453,28.128753662109375,-16.728322982788086,1.887399435043335,2.5681509971618652,0.7854934930801392,6507,,,,,82626729,3123184,,,,
2015-06-19,2245.016357421875,6550.50341796875,,,,28.06458854675293,-16.780811309814453,28.13210105895996,-16.68378448486328,6.433775901794434,21.451269149780273,0.5099019408226013,13128,,,,,49352008,8549938,,,,
2015-06-20,2004.878173828125,2577.03076171875,,,,28.07284927368164,-16.819656372070312,28.188888549804688,-16.72833824157715,14.117497444152832,21.3404598236084,6.981403827667236,5833,,,,,79195147,3618165,,,,
2015-06-21,1925.9217529296875,1619.6859130859375,,,,28.072874069213867,-16.785057067871094,28.13869285583496,-16.728361129760742,1.0334714651107788,2.9516942501068115,0.6621932983398438,3971,,,,,84241339,2158661,,,,
2015-06-22,1976.779052734375,3459.999755859375,,,,28.047008514404297,-16.780704498291016,47.485084533691406,8.570207595825195,13.936406135559082,26.645700454711914,0.5682429075241089,7240,,,,,62221512,4079061,,,,
2015-06-23,1802.9803466796875,366.77178955078125,,,,47.30391311645508,7.870708465576172,47.31669616699219,7.915101528167725,1.7130370140075684,2.4539151191711426,0.98595130443573,1736,,,,,83542972,477843,,,,
2015-06-24,1800.0001220703125,,,,,47.30419158935547,7.879680633544922,47.30495834350586,7.880325794219971,0.8009894490242004,3.001016616821289,0.5115662217140198,111,,,,,86400000,,,,,
2015-06-25,1959.4051513671875,3347.184326171875,,,,47.05621337890625,7.830234050750732,47.3637809753418,8.259060859680176,0.672635018825531,9.070049285888672,0.5103920102119446,8005,,,,,65196269,4353491,,,,
2015-06-26,2127.23828125,4355.40576171875,,,,47.294185638427734,7.574803352355957,47.570404052734375,7.917051315307617,2.3481616973876953,16.07044792175293,1.012422800064087,8818,,,,,72021287,6239625,,,,
2015-06-27,1800.0,,,,,47.3041877746582,7.8797478675842285,47.30463409423828,7.880321979522705,1.2150342464447021,1.645752191543579,0.6964194178581238,,,,,,86400000,,,,,
2015-06-28,1799.539794921875,,,,,47.30420684814453,7.879108428955078,47.304481506347656,7.880331516265869,0.7918835282325745,1.478005290031433,0.7446475625038147,376,,,,,86377911,,,,,
2015-06-29,1912.964599609375,2116.760986328125,,,,46.9469108581543,7.434876918792725,47.3093147277832,7.905913829803467,1.5277009010314941,1.7057549953460693,0.6312685608863831,5588,,,,,78177758,1908328,123422,,,
2015-06-30,1959.4786376953125,2764.177734375,,,,46.947208404541016,7.434900283813477,47.30632019042969,7.951469421386719,2.3113906383514404,5.260085582733154,0.9396275281906128,5943,,,,,75777688,2993394,,,,
2015-07-01,1942.9581298828125,2911.6396484375,,,,46.947025299072266,7.434810638427734,47.31170654296875,7.917636394500732,1.539008378982544,2.2428998947143555,0.904488742351532,6007,,,,,78599500,2594268,,,,
2015-07-02,1921.0875244140625,2415.299560546875,,,,46.9472770690918,7.434822082519531,47.30636215209961,7.880972385406494,2.707540273666382,4.815080642700195,0.6000000238418579,5104,,,,,79059316,2177445,,,,
2015-07-03,1910.29345703125,2155.97998046875,,,,46.94734573364258,7.434858322143555,47.306392669677734,7.881191253662109,13.834238052368164,27.904123306274414,1.1038568019866943,4623,,,,,78392261,1898406,,,,
2015-07-04,1778.462158203125,15.006694793701172,,,,47.304290771484375,7.878630638122559,47.47793960571289,8.185332298278809,9.323464393615723,13.003649711608887,3.6411125659942627,1154,,,,,82861662,64624,,,,
2015-07-05,1844.344482421875,931.697265625,,,,47.30417251586914,7.876852512359619,47.47917938232422,8.292304992675781,17.297924041748047,33.84000015258789,1.2300000190734863,2386,,,,,81272207,1114895,,,,
2015-07-06,2026.60400390625,3989.285400390625,,,,47.30431365966797,7.878953456878662,47.470760345458984,8.568225860595703,,,,7704,,,,,76245824,3958795,,,,
2015-07-07,1951.6640625,2701.6728515625,,,,46.94713592529297,7.4348297119140625,47.306453704833984,7.880843162536621,11.763266563415527,21.94270896911621,1.5838245153427124,5604,,,,,79212650,2629694,,,,
2015-07-08,1951.1964111328125,2632.88623046875,,,,46.94713592529297,7.434847354888916,47.31304168701172,7.92296028137207,1.6087439060211182,4.907962799072266,1.216593623161316,5181,,,,,77826563,2724973,,,,
2015-07-09,1716.517578125,1948.005615234375,,,,46.9472770690918,7.434855937957764,47.30649185180664,7.880926132202148,10.850613594055176,38.11000442504883,0.8858893513679504,4290,,,,,69866263,1835884,,,,
2015-07-10,1962.3507080078125,3665.24169921875,,,,46.150455474853516,7.4348578453063965,47.30849838256836,9.0048828125,2.281247854232788,22.330726623535156,0.5805169939994812,6622,,,,,56910079,4344143,,,,
2015-07-11,930.24658203125,2449.002197265625,,,,46.17749786376953,8.788481712341309,46.31194305419922,8.865005493164062,,,,5763,,,,,27564298,3392529,,,,
2015-07-12,982.521240234375,29.957550048828125,,,,,,,,,,,295,,,,788994,38613717,75530,,,,
2015-07-13,1962.5218505859375,2743.169677734375,,,,,,,,,,,5130,,,,,78533158,2786088,,,,
2015-07-14,1980.1240234375,3092.0185546875,,,,47.21718215942383,7.784356594085693,47.21718215942383,7.784356594085693,,,,5648,,,,,78412965,2675322,177700,,,
2015-07-15,1922.84130859375,2415.177490234375,,,,46.94831466674805,7.437094688415527,47.306453704833984,7.87830114364624,1.7978042364120483,1.7978042364120483,1.7978042364120483,4921,,,,,79777211,2167980,,,,
2015-07-16,1578.8670654296875,1459.7315673828125,,,,,,,,,,,4295,,,,,57966479,2459425,,,,
2015-07-17,1946.1416015625,2517.5048828125,,,,46.94723129272461,7.435732841491699,47.25713348388672,7.827704906463623,1.0378855466842651,1.1906721591949463,0.8850988745689392,5482,,,,,77777976,2562181,,,,
2015-07-18,1825.9217529296875,383.01190185546875,,,,47.304141998291016,7.879137992858887,47.30458068847656,7.880336284637451,,,,1162,,,,,82638604,486693,,,,
2015-07-19,1798.4178466796875,,,,,,,,,,,,595,,,,,86324061,,,,,
2015-07-20,1933.1881103515625,2273.8935546875,,,,,,,,,,,5665,,,,,79613957,2293748,,,,
2015-07-21,1908.2655029296875,1944.9373779296875,,,,,,,,,,,4122,,,,,79233001,1971341,,,,
2015-07-22,1900.46533203125,1852.954345703125,,,,,,,,,,,4355,,,,,79730785,1833825,,,,
2015-07-23,1998.5711669921875,3270.5966796875,,,,,,,,,,,6642,,,,,72976101,3450383,,,,
2015-07-24,2214.9501953125,7973.142578125,,,,,,,,,,,13143,,,,,45371920,7698611,,,,
2015-07-25,1632.5050048828125,416.4700622558594,,,,,,,,,,,1240,,,,,69615945,684675,,,,
2015-07-26,1065.3876953125,159.59947204589844,,,,,,,,,,,705,,,,,47780671,299541,,,,
2015-07-27,1898.8193359375,1925.7054443359375,,,,,,,,,,,3962,,,,,77470086,1814899,,,,
2015-07-28,1909.7938232421875,2046.4820556640625,,,,,,,,,,,4791,,,,,78700833,1986913,,,,
2015-07-29,1937.5831298828125,1986.972900390625,,,,,,,,,,,4152,,,,,79138342,1945934,177750,,,
2015-07-30,1943.4619140625,2704.9345703125,,,,,,,,,,,6696,,,,,76611692,2634295,,,,
2015-07-31,1942.86572265625,2787.560302734375,,,,,,,,,,,5758,,,,,75041662,2662346,,,,
2015-08-01,1782.824462890625,,,,,,,,,,,,625,,,,,85575577,,,,,
2015-08-02,1818.919189453125,242.55116271972656,,,,,,,,,,,926,,,,,83682693,357562,,,,
2015-08-03,1916.2943115234375,2024.870849609375,,,,,,,,,,,4134,,,,,78923797,2024425,,,,
2015-08-04,1904.370849609375,1997.8310546875,,,,,,,,,,,4341,,,,,79418569,1813016,,,,
2015-08-05,1904.0218505859375,1979.2236328125,,,,,,,,,,,4385,,,,,79325575,1842621,,,,
2015-08-06,1913.718017578125,2175.027099609375,,,,,,,,,,,4374,,,,,79109144,1971577,,,,
2015-08-07,2006.6507568359375,3819.58251953125,,,,,,,,,,,7016,,,,,76350882,3568194,,,,
2015-08-08,1833.69677734375,577.2286376953125,,,,,,,,,,,1099,,,,,83311829,577666,,,,
2015-08-09,1800.1417236328125,18.269020080566406,,,,,,,,,,,507,,,,,86287404,31421,,,,
2015-08-10,1898.656982421875,1803.9947509765625,,,,,,,,,,,4422,,,,,79529269,1732324,,,,
2015-08-11,1963.612060546875,4267.6318359375,,,,,,,,,,,8706,,,,,73215505,3968271,,,,
2015-08-12,1897.218017578125,2101.54736328125,,,,,,,,,,,4582,,,,,79289203,1905149,,,,
2015-08-13,1939.6610107421875,2520.369384765625,,,,,,,,,,,5110,,,,,78918000,2419982,,,,
2015-08-14,1908.576904296875,2000.5892333984375,,,,,,,,,,,4450,,,,,78273295,1946189,,,,
2015-08-15,1747.55810546875,826.7196044921875,,,,,,,,,,,4712,,,,,72061563,1188456,,,,
2015-08-16,1800.0,,,,,,,,,,,,415,,,,,86400000,,,,,
2015-08-17,2007.9053955078125,4112.3076171875,,,,,,,,,,,6866,,,,,75887176,3692838,,,,
2015-08-18,1841.318359375,579.2798461914062,,,,,,,,,,,3195,,,,,73281266,1073753,,,,
2015-08-19,1944.52734375,2479.7744140625,,,,,,,,,,,5186,,,,,78442905,2414689,84445,,,
2015-08-20,1968.397705078125,3033.745361328125,,,,,,,,,,,5818,,,,,77546346,2926908,118883,,,
2015-08-21,1915.18408203125,1931.54931640625,,,,,,,,,,,4140,,,,,77187369,2016876,,,,
2015-08-22,1858.3411865234375,1947.0606689453125,,,,,,,,,,,6574,,,,,71465260,2415351,,,,
2015-08-23,1800.0,,,,,47.304283142089844,7.879756927490234,47.304443359375,7.880117893218994,1.5141702890396118,3.066349744796753,0.6399999856948853,748,,,,,84265578,,,,,
2015-08-24,1942.5406494140625,2237.516357421875,,,,47.30429458618164,7.880614280700684,47.30429458618164,7.880614280700684,,,,5164,,,,,78770141,2117204,177705,,,
2015-08-25,1931.04296875,2229.77294921875,,,,,,,,,,,4678,,,,,77639663,2062933,120334,,,
2015-08-26,1410.517333984375,2621.671875,,,,,,,,,,,4863,,,,,51835682,2798821,,,,
2015-08-27,1600.78564453125,2128.046875,,,,,,,,,,,3906,,,,,64866184,2208162,,,,
2015-08-28,1971.88427734375,2544.20263671875,,,,,,,,,,,5746,,,,,78053273,2946591,,,,
2015-08-29,1797.0419921875,,,,,,,,,,,,275,,,,,84166918,,,,,
2015-08-30,1807.190673828125,101.08148193359375,,,,,,,,,,,868,,,,,84224526,123269,,,,
2015-08-31,1654.317138671875,410.185302734375,,,,,,,,,,,2007,,,,,72862356,520966,,,,
2015-09-01,1934.79736328125,2368.150634765625,,,,,,,,,,,5088,,,,,77070500,2539164,,,,
2015-09-02,1830.6248779296875,417.3460388183594,,,,,,,,,,,2717,,,,,81439665,759444,,,,
2015-09-03,1867.7672119140625,831.06689453125,,,,,,,,,,,4058,,,,,66508241,1434363,,,,
2015-09-04,1972.0125732421875,2839.218994140625,,,,46.947715759277344,7.437005519866943,46.94794464111328,7.437527656555176,1.5143643617630005,2.421673059463501,0.5448853373527527,6341,,,,,78115202,3006256,,,,
2015-09-05,1972.1297607421875,3354.13671875,,,,,,,,,,,7978,,,,,72962659,4293710,,,,
2015-09-06,1801.8304443359375,11.744369506835938,,,,,,,,,,,309,,,,,86368620,31380,,,,
2015-09-07,1909.551025390625,1925.48974609375,,,,,,,,,,,5134,,,,,79247676,1978893,,,,
2015-09-08,1895.744384765625,2052.9853515625,,,,,,,,,,,4271,,,,,79481373,1945989,,,,
2015-09-09,1901.958251953125,1998.2950439453125,,,,,,,,,,,5477,,,,,78122251,1831329,,,,
2015-09-10,1939.90283203125,2345.092529296875,,,,,,,,,,,4381,,,,,78623716,2474466,,,,
2015-09-11,2011.7939453125,4470.4814453125,,,,,,,,,,,8513,,,,,76264144,3994171,,,,
2015-09-12,1809.784423828125,92.6500244140625,,,,,,,,,,,515,,,,,83820908,167735,,,,
2015-09-13,1806.25439453125,89.36347961425781,,,,,,,,,,,1108,,,,,83808095,174335,,,,
2015-09-14,1865.922607421875,1236.857177734375,,,,,,,,,,,3601,,,,,81566705,1827683,,,,
2015-09-15,1910.211669921875,1444.1060791015625,,,,,,,,,,,3878,,,,,80159607,2059256,,,,
2015-09-16,1857.33056640625,978.853271484375,,,,47.304412841796875,7.879757881164551,47.304412841796875,7.879757881164551,,,,3243,,,,,85273919,1020514,,,,
2015-09-17,1859.7598876953125,1325.406005859375,,,,47.3043212890625,7.879717826843262,47.30447769165039,7.8804497718811035,4.086488723754883,5.728944301605225,2.444033622741699,3756,,,,,79433018,1417458,,,,
2015-09-18,1801.71826171875,22.183809280395508,,,,47.30402755737305,7.87947940826416,47.30462646484375,7.880313873291016,0.7876555323600769,1.3701459169387817,0.6100819706916809,894,,,,,86370542,29458,,,,
2015-09-19,1791.7867431640625,2994.431640625,,,,47.30411911010742,7.805525302886963,47.39118957519531,8.127479553222656,8.00046157836914,36.63252639770508,0.5,12641,,,,,59085726,3608158,,,,
2015-09-20,1800.0,,,,,47.304100036621094,7.879415035247803,47.30450439453125,7.880178928375244,1.3447470664978027,1.8799999952316284,0.7003570795059204,5,,,,,86400000,,,,,
2015-09-21,1943.529541015625,2642.61279296875,,,,46.94755935668945,7.43703556060791,47.3045768737793,7.880189418792725,11.957070350646973,29.053964614868164,0.8682165741920471,5749,,,,,78886358,2520472,,,,
2015-09-22,1924.6322021484375,2265.827392578125,,,,46.94715881347656,7.435427665710449,47.324832916259766,7.897663116455078,2.914515733718872,36.50019836425781,0.667083203792572,5115,,,,,78026881,1902784,117948,,,
2015-09-23,1973.03369140625,2891.92333984375,,,,46.947044372558594,7.43583869934082,47.305789947509766,7.8803935050964355,3.44746732711792,13.986010551452637,0.5807753205299377,8017,,,,,78769935,2800371,124831,,,
2015-09-24,1907.123291015625,2114.074951171875,,,,46.946868896484375,7.434414863586426,47.30462646484375,7.880142688751221,4.398791790008545,34.9649772644043,0.6449806094169617,4296,,,,,79199192,1948000,,,,
2015-09-25,2007.2989501953125,3366.804443359375,,,,46.9471321105957,7.435904026031494,47.30554962158203,7.8897247314453125,1.7683199644088745,11.622908592224121,0.8109870553016663,6780,,,,,75378463,3724979,,,,
2015-09-26,1801.7216796875,16.96409034729004,,,,47.30390930175781,7.8791327476501465,47.30464553833008,7.880050182342529,3.959941864013672,7.340245723724365,0.6736468076705933,459,,,,,86370484,29516,,,,
2015-09-27,1798.23291015625,,,,,47.303924560546875,7.879288196563721,47.30466842651367,7.880391597747803,1.0779913663864136,2.828002691268921,0.5044798851013184,797,,,,,86315187,,,,,
2015-09-28,1883.94189453125,1615.9354248046875,,,,46.9471435546875,7.435157299041748,47.30644607543945,7.880882263183594,1.5795530080795288,18.639680862426758,0.5131276845932007,4896,,,,,76761216,1270570,141049,,,
2015-09-29,1943.12451171875,2479.183349609375,,,,46.94838333129883,7.436330318450928,47.30450439453125,7.880267143249512,1.494624137878418,2.951084613800049,0.6876772046089172,6360,,,,,78342936,2582208,,,,
2015-09-30,1957.37158203125,2993.07177734375,,,,47.21631622314453,7.783052921295166,47.30642318725586,7.880496978759766,1.143056035041809,2.8022310733795166,0.8899999856948853,5566,,,,,78102403,2821831,,,,
2015-10-01,1857.61669921875,1573.8714599609375,,,,47.30397033691406,7.878450870513916,47.39261245727539,8.0743989944458,5.277032375335693,11.140000343322754,0.50803542137146,5476,,,,,78850082,1748877,,,,
2015-10-02,1923.1640625,2259.30615234375,,,,46.94712448120117,7.436136722564697,47.30622863769531,7.880170822143555,4.378604888916016,12.969887733459473,0.5232590436935425,5315,,,,,78647766,2318182,,,,
2015-10-03,2068.08203125,4568.396484375,,,,47.04949188232422,7.878507614135742,47.31407165527344,8.314291000366211,5.103857040405273,25.007383346557617,0.6500768661499023,9791,,,,,73989749,5272140,,,,
2015-10-04,1800.0,,,,,47.3040771484375,7.879340171813965,47.304752349853516,7.880718231201172,1.4124031066894531,2.620858669281006,0.5024937987327576,107,,,,,86400000,,,,,
2015-10-05,1967.447021484375,2058.80126953125,,,,46.94877243041992,7.437658786773682,47.30643081665039,7.880249977111816,1.3159396648406982,3.3347864151000977,0.6806614398956299,6427,,,,,79080916,2485421,182218,,,
2015-10-06,1932.1005859375,2361.071044921875,,,,46.94784927368164,7.434539794921875,47.306304931640625,7.880331039428711,4.384997367858887,16.5305118560791,0.5366563200950623,5546,,,,,79024691,2393443,,,,
2015-10-07,1960.56884765625,2849.716552734375,,,,46.9471549987793,7.434863090515137,47.304595947265625,7.880499362945557,1.2852787971496582,3.7981178760528564,0.5099019408226013,5747,,,,,78719861,2541775,127371,,,
2015-10-08,1959.999267578125,3289.95361328125,,,,46.94728088378906,7.434793472290039,47.306312561035156,7.880346298217773,3.3504040241241455,12.170201301574707,0.5024937987327576,6704,,,,,74167901,3329501,,,,
2015-10-09,1975.674072265625,2781.554931640625,,,,46.948272705078125,7.437033653259277,47.307701110839844,7.893294334411621,16.20540428161621,28.68000030517578,1.1627552509307861,6946,,,,,74071017,3165903,110752,,,
2015-10-10,1853.45166015625,842.13427734375,,,,47.45256423950195,8.085357666015625,47.4929084777832,8.289994239807129,3.8110110759735107,18.051681518554688,0.5445181727409363,2164,,,,,79188883,916316,,,,
2015-10-11,1806.9361572265625,69.54224395751953,,,,47.30423355102539,7.879016876220703,47.473594665527344,8.085793495178223,0.9015516042709351,2.632052421569824,0.5703507661819458,465,,,,,83997580,129655,,,,
2015-10-12,1950.041748046875,2425.452880859375,,,,46.94673538208008,7.437252998352051,47.30567932128906,7.8802409172058105,2.317653179168701,3.690122127532959,0.5208646655082703,4816,,,,,78713025,2582682,,,,
2015-10-13,1945.2877197265625,2344.872314453125,,,,46.948707580566406,7.436783313751221,47.30462646484375,7.880570888519287,1.0991783142089844,3.3363454341888428,0.5728001594543457,6687,,,,,76503301,1875026,394065,,,
2015-10-14,1970.8651123046875,3043.817626953125,,,,46.947383880615234,7.435508728027344,47.306602478027344,7.880674362182617,1.7015327215194702,37.46034240722656,0.5403702855110168,6342,,,,,78347879,2951679,,,,
2015-10-15,1848.1505126953125,1816.020263671875,,,,46.94783020019531,7.437180042266846,47.3135871887207,7.893684387207031,14.936637878417969,28.012290954589844,0.8159656524658203,5053,,,,,73162651,1609303,125156,,,
2015-10-16,1960.011474609375,2768.23681640625,,,,46.94721221923828,7.434816837310791,47.30634689331055,7.880471706390381,7.4165239334106445,38.15029525756836,0.5099999904632568,5468,,,,,77981201,2817772,,,,
2015-10-17,1859.58056640625,2154.03173828125,,,,47.30435562133789,7.879751205444336,47.304473876953125,7.880046367645264,0.9518927931785583,0.9518927931785583,0.9518927931785583,5773,,,,,80180773,2190770,,,,
2015-10-18,1802.567626953125,15.659159660339355,,,,47.304019927978516,7.878756523132324,47.30473327636719,7.880486488342285,1.4417715072631836,2.62001895904541,0.6338769793510437,704,,,,,86355981,44019,,,,
2015-10-19,1924.081298828125,2010.6639404296875,,,,46.94776153564453,7.436909198760986,47.3053092956543,7.880507469177246,1.9324371814727783,28.183862686157227,0.6228964924812317,4885,,,,,77981278,2149081,,,,
2015-10-20,1930.27978515625,2403.92578125,,,,47.21706771850586,7.784419059753418,47.3062858581543,7.925036430358887,5.973509311676025,14.6505765914917,0.7496666312217712,4991,,,,,77237411,2355583,,,,
2015-10-21,1970.033935546875,2987.682373046875,,,,47.2172737121582,7.783955097198486,47.39287185668945,8.058452606201172,0.9583162069320679,2.303128242492676,0.5333853960037231,5087,,,,,75652596,2948103,,,,
2015-10-22,1917.0618896484375,1916.546630859375,,,,47.232852935791016,7.79313850402832,47.306278228759766,7.88040018081665,26.656272888183594,38.11006546020508,0.8039900660514832,5191,,,,,79675919,2029352,,,,
2015-10-23,1891.580078125,1865.4554443359375,,,,46.948387145996094,7.4346418380737305,47.3062858581543,7.88028621673584,6.800470352172852,31.12010383605957,0.5200961232185364,4391,,,,,79790233,1700514,,,,
2015-10-24,2116.16748046875,6483.533203125,,,,47.30426788330078,7.583477020263672,47.56520080566406,8.086113929748535,3.788034677505493,18.173566818237305,0.574282169342041,12510,,,,,69969657,6501655,,,,
2015-10-25,1811.403076171875,84.16798400878906,,,,47.30424118041992,7.8796772956848145,47.47336196899414,8.086359024047852,0.9360650181770325,1.9744873046875,0.5325410962104797,1041,,,,,83672704,256753,,,,
2015-10-26,1944.818603515625,2208.4541015625,,,,46.94698715209961,7.434963703155518,47.30586624145508,7.880512237548828,1.4368174076080322,2.4026029109954834,0.6466065049171448,5723,,,,,78773096,2130317,183280,,,
2015-10-27,1911.245361328125,2154.49951171875,,,,47.21615219116211,7.782907009124756,47.3045768737793,7.880772590637207,0.6383447051048279,0.7920227646827698,0.5635601282119751,5139,,,,,78735202,2091090,,,,
2015-10-28,1897.600341796875,1903.010498046875,,,,,,,,0.5635601282119751,0.5635601282119751,0.5635601282119751,3576,,,,,79548923,1713907,,,,
2015-10-29,1916.780517578125,2286.32177734375,,,,47.3043098449707,7.879905700683594,47.3043098449707,7.879905700683594,0.5635601282119751,0.5635601282119751,0.5635601282119751,4495,,,,,78721566,2141300,,,,
2015-10-30,1881.149658203125,1876.52392578125,,,,47.30427551269531,7.879702091217041,47.30435562133789,7.879811763763428,1.072007417678833,1.072007417678833,1.072007417678833,4474,,,,,78263791,1829955,,,,
2015-10-31,1805.9996337890625,46.325016021728516,,,,,,,,,,,99,,,,,84052637,102853,,,,
2015-11-01,1802.020751953125,10.43943977355957,,,,,,,,,,,529,,,,,84074032,34639,,,,
2015-11-02,1925.5689697265625,1734.002685546875,,,,,,,,,,,6254,,,,,77201882,2342292,266207,,,
2015-11-03,1961.4759521484375,2283.4111328125,,,,,,,,,,,5605,,,,,74900935,3397774,,,,
2015-11-04,1963.276123046875,2667.822021484375,,,,,,,,,,,6119,,,,,75634103,2858013,117944,,,
2015-11-05,1925.321044921875,2377.443359375,,,,,,,,,,,4802,,,,,78093733,2201074,,,,
2015-11-06,2021.58154296875,3708.0498046875,,,,,,,,,,,6537,,,,,78341285,3577865,117867,,,
2015-11-07,1846.069580078125,1269.57666015625,,,,,,,,,,,3423,,,,,76932754,1443217,,,,
2015-11-08,1798.2042236328125,,,,,,,,,,,,413,,,,,86313800,,,,,
2015-11-09,1930.4873046875,2107.966796875,,,,,,,,,,,6699,,,,,78394110,2453273,,,,
2015-11-10,1887.9810791015625,1553.1270751953125,,,,,,,,,,,3330,,,,,78019380,1520478,,,,
2015-11-11,1927.698486328125,2385.4228515625,,,,,,,,,,,5214,,,,,78740075,2368651,,,,
2015-11-12,1913.2159423828125,2387.533935546875,,,,,,,,,,,6761,,,,,73360574,2641670,120084,,,
2015-11-13,1955.138671875,2650.288330078125,,,,,,,,,,,5092,,,,,76229623,2399412,237577,,,
2015-11-14,1884.489501953125,1821.109130859375,,,,,,,,,,,4518,,,,,78878881,2094152,,,,
2015-11-15,1797.4580078125,,,,,,,,,,,,591,,,,,83527537,,,,,
2015-11-16,1910.0648193359375,2079.674560546875,,,,,,,,,,,4865,,,,,79174220,1914200,,,,
2015-11-17,1867.214599609375,1159.9930419921875,,,,,,,,,,,4395,,,,,77123741,1435064,,,,
2015-11-18,1920.1171875,1866.765869140625,,,,,,,,,,,4140,,,,,79356663,1806917,125681,,,
2015-11-19,1906.8155517578125,1994.719970703125,,,,,,,,,,,4544,,,,,79375802,1887168,,,,
2015-11-20,1852.9151611328125,2987.045166015625,,,,,,,,,,,6438,,,,,69295660,3347620,,,,
2015-11-21,1871.931396484375,1175.0428466796875,,,,,,,,,,,2952,,,,,79666419,1794253,,,,
2015-11-22,1800.0,,,,,,,,,,,,,,,,,86400000,,,,,
2015-11-23,1917.353515625,1948.407958984375,,,,,,,,,,,4815,,,,,78798702,2094533,,,,
2015-11-24,1900.322998046875,1886.056640625,,,,,,,,,,,4617,,,,,77662426,2008582,,,,
2015-11-25,1996.516357421875,3030.254638671875,,,,,,,,,,,6274,,,,,76316148,3234628,117783,,,
2015-11-26,1923.845458984375,2184.620361328125,,,,,,,,,,,6255,,,,,74249291,2373140,,,,
2015-11-27,1556.820068359375,2753.263671875,,,,,,,,,,,5479,,,,,59228665,2711317,,,,
2015-12-21,838.630859375,,,,,,,,,,,,,,,,,40254282,,,,,
2015-12-22,771.8555908203125,,,,,,,,,,,,,,,,,37049073,,,,,
2016-01-04,1708.03759765625,3133.34375,,,,47.30445861816406,7.879762172698975,47.30445861816406,7.879762172698975,,,,7979,,,,2515909,34992697,3853166,427344,,,
2016-01-21,585.3045654296875,624.9334716796875,,,,46.94768142700195,7.436971664428711,47.30646514892578,7.8807501792907715,2.1088294982910156,4.475377082824707,0.8215229511260986,976,,,,,23315482,592592,,,,
2016-01-22,1895.253662109375,2076.525146484375,,,,46.94731521606445,7.434892177581787,47.3065185546875,7.880993843078613,1.0343259572982788,2.500499963760376,0.6592420339584351,3347,,,,,77917349,1851637,100567,,,
2016-01-23,1828.493896484375,593.8202514648438,,,,47.21662902832031,7.790262699127197,47.312705993652344,7.914889812469482,5.101794242858887,14.64249038696289,0.55901700258255,1689,,,,,80682261,1149213,,,,
2016-01-24,1780.5125732421875,84.07196807861328,,,,47.3029670715332,7.875132083892822,47.30619430541992,7.883371829986572,1.4012943506240845,5.880136013031006,0.5100980401039124,355,,,,,84702248,200170,,,,
2016-01-25,1847.966552734375,2077.171142578125,,,,46.94413375854492,7.428529262542725,47.306358337402344,7.882068157196045,11.407658576965332,37.08402633666992,0.6100819706916809,3842,,,,,75766090,2023760,80889,,,
2016-01-26,1909.2730712890625,2685.66015625,,,,46.94734191894531,7.434848308563232,47.307884216308594,7.943307876586914,3.8891074657440186,35.66017150878906,1.426884651184082,4583,,,,,74830451,2695310,,,,
2016-01-27,1899.1005859375,2686.38671875,,,,46.94718933105469,7.43471097946167,47.312374114990234,7.944849967956543,1.2776106595993042,15.430466651916504,0.5,4661,,,,,76822253,2553994,,,,
2016-01-28,1883.62939453125,1971.8212890625,,,,46.810001373291016,7.434885501861572,47.316932678222656,8.219999313354492,3.11613130569458,40.04015350341797,0.5400926470756531,3435,,,,,77831689,1906964,,,,
2016-01-29,1634.1907958984375,3098.673828125,,,,46.947330474853516,7.434873104095459,47.47492599487305,8.226489067077637,7.903706073760986,30.14000701904297,0.6000833511352539,5006,,,,,61553008,2536025,103833,,,
2016-01-30,837.00537109375,171.54193115234375,,,,47.4499397277832,8.084312438964844,47.489070892333984,8.304764747619629,3.6563570499420166,26.81999969482422,0.5103920102119446,354,,,,,36240004,185808,,,,
2016-01-31,1795.9996337890625,158.03054809570312,,,,47.30366897583008,7.876306533813477,47.48234558105469,8.231804847717285,4.133820533752441,27.43113899230957,0.6200000047683716,553,,,,,82906864,300709,,,,
2016-02-01,1887.3148193359375,2293.833251953125,,,,46.810001373291016,7.4348978996276855,47.30646896362305,8.219999313354492,2.369969367980957,25.87382698059082,0.551089882850647,3853,,,,,77586262,2185734,,,,
2016-02-02,1889.633056640625,2185.688720703125,,,,46.94735336303711,7.433825969696045,47.30646896362305,7.881336688995361,1.7561792135238647,2.6836540699005127,0.5661271810531616,3694,,,,,79511464,2138258,,,,
2016-02-03,1864.0201416015625,1767.678466796875,,,,46.947139739990234,7.434864521026611,47.30662536621094,7.880837440490723,3.4574522972106934,31.03013038635254,0.6800000071525574,3198,,,,,76843507,1918940,,,,
2016-02-04,1851.05029296875,1449.6097412109375,,,,47.301578521728516,7.875786304473877,47.39228820800781,8.058454513549805,1.0514841079711914,5.100088119506836,0.5099999904632568,3012,,,,,79061053,1479466,116706,,,
2016-02-05,1973.41015625,3959.91015625,,,,46.947113037109375,7.434895038604736,47.34237289428711,7.908209800720215,7.590270519256592,18.00934410095215,0.5688585042953491,5979,,,,,76354745,3743943,,,,
2016-02-06,1798.7469482421875,494.85321044921875,,,,47.304290771484375,7.879711151123047,47.50603485107422,8.240072250366211,2.8980677127838135,13.335835456848145,0.5728001594543457,1810,,,,,76484989,840768,,,,
2016-02-07,1687.361572265625,430.2311706542969,,,,47.28544998168945,7.7044148445129395,47.48008728027344,8.23095417022705,11.510286331176758,32.63999938964844,0.5400000214576721,1142,,,,,75420345,700106,,,,
2016-02-08,1795.6329345703125,261.9833679199219,,,,47.284156799316406,7.706235408782959,47.30705261230469,7.896847248077393,3.141658306121826,33.60002136230469,0.5099999904632568,613,,,,,83946715,356958,,,,
2016-02-09,1904.4957275390625,2497.33154296875,,,,46.946956634521484,7.434787273406982,47.311859130859375,7.884385585784912,1.6069817543029785,39.54673767089844,0.5162363648414612,4035,,,,,77910536,2098154,110172,,,
2016-02-10,1879.763427734375,2169.87353515625,,,,46.947288513183594,7.4349284172058105,47.306373596191406,7.88087272644043,13.915534019470215,33.720096588134766,0.5000999569892883,3417,,,,,77781616,1910201,71334,,,
2016-02-11,1876.7490234375,2091.919677734375,,,,46.94729232788086,7.434951305389404,47.30659484863281,7.880396842956543,6.661782264709473,28.930007934570312,0.5161395072937012,3228,,,,,77856014,1819143,,,,
2016-02-12,1914.490234375,2541.338623046875,,,,46.810001373291016,7.434905529022217,47.311038970947266,8.219999313354492,5.172329902648926,38.46063995361328,0.562227725982666,4187,,,,,78092821,2353394,,,,
2016-02-13,1896.214111328125,1985.0087890625,,,,47.05476760864258,7.812845706939697,47.31599044799805,8.303716659545898,3.808295488357544,34.840206146240234,0.5100980401039124,4065,,,,,73346500,2629375,,,,
2016-02-14,1797.0732421875,1.3049299716949463,,,,47.303955078125,7.877165794372559,47.30503463745117,7.881356716156006,1.510529637336731,1.510529637336731,1.510529637336731,543,,,,,86144648,30230,,,,
2016-02-15,1901.0478515625,1769.9517822265625,,,,46.72105026245117,7.422922611236572,47.31293869018555,7.893954277038574,4.397250175476074,29.190336227416992,0.5015974640846252,3398,,,,,75600870,1935814,,,,
2016-02-16,1915.21142578125,1893.15380859375,,,,46.94767761230469,7.434897422790527,47.30656051635742,7.8805952072143555,3.4575939178466797,35.780067443847656,0.9108787178993225,3127,,,,,79342160,1744083,126768,,,
2016-02-17,1906.4736328125,2087.928466796875,,,,46.7553825378418,7.434981822967529,47.30672836303711,7.880868434906006,2.1299452781677246,11.791034698486328,0.531413197517395,3641,,,,,78917919,1682756,127270,,,
2016-02-18,1909.104736328125,2006.527587890625,,,,46.947303771972656,7.434996604919434,47.30656814575195,7.881119728088379,2.105882406234741,3.108311414718628,0.5762811899185181,3584,,,,,79696167,1981735,,,,
2016-02-19,1648.5615234375,2868.275390625,,,,46.9441032409668,7.4149909019470215,47.479400634765625,8.243924140930176,6.086189270019531,33.33018493652344,0.9963935017585754,4889,,,,,61794550,2737289,,,,
2016-02-20,164.1582794189453,54.31270980834961,,,,47.41899871826172,8.0842924118042,47.494686126708984,8.290167808532715,13.227548599243164,19.070064544677734,8.980021476745605,109,,,,,1162185,718297,,,,
2016-02-21,995.7921142578125,113.57892608642578,,,,47.30379104614258,7.871006965637207,47.4732551574707,8.229371070861816,22.15301513671875,27.712743759155273,0.8100000023841858,340,,,,,44664512,248763,,,,
2016-02-22,1910.474365234375,2057.622314453125,,,,46.9472770690918,7.306524276733398,47.30647277832031,7.880950927734375,2.179950714111328,4.752031326293945,0.6688796281814575,3427,,,,,78963246,1599234,166316,,,
2016-02-23,1937.0301513671875,2241.374755859375,,,,46.94721221923828,7.434687614440918,47.30625915527344,7.941350936889648,1.8486169576644897,14.020014762878418,0.6239390969276428,4085,,,,,77376548,2451653,,,,
2016-02-24,1904.0283203125,2086.43408203125,,,,46.94730758666992,7.434966564178467,47.3065071105957,7.883101463317871,2.5867695808410645,13.037338256835938,0.5400000214576721,3481,,,,,78972244,1901374,,,,
2016-02-25,1952.7015380859375,2679.215087890625,,,,46.947288513183594,7.4343767166137695,47.30649948120117,7.880860805511475,1.0035808086395264,6.90050745010376,0.5699999928474426,4245,,,,,78735707,2264088,180832,,,
2016-02-26,1847.7015380859375,668.8384399414062,,,,47.30338668823242,7.877996921539307,47.4783821105957,8.220210075378418,13.191444396972656,22.080110549926758,0.5162363648414612,2061,,,,,79093126,1229413,,,,
2016-02-27,1795.5947265625,,,,,47.304325103759766,7.877308368682861,47.4794807434082,8.23581600189209,4.219269752502441,28.043611526489258,0.8799999952316284,283,,,,,84082469,,,,,
2016-02-28,2295.98828125,3879.8427734375,,,,46.7740364074707,7.879759788513184,47.304508209228516,8.308575630187988,1.4172841310501099,3.179072141647339,0.5393514037132263,7988,,,,1923776,64568553,5689617,323877,,,
2016-02-29,1906.462890625,1975.299560546875,,,,46.94660186767578,7.4344611167907715,47.306304931640625,7.880818843841553,5.114882946014404,5.963598251342773,1.3380956649780273,3502,,,,,79037037,1948848,,,,
2016-03-01,1929.4932861328125,2197.525390625,,,,46.94728469848633,7.434988975524902,47.306304931640625,7.941427230834961,1.4011856317520142,2.257188558578491,0.6412487626075745,3989,,,,,76839467,2408778,,,,
2016-03-02,1900.979248046875,2005.48974609375,,,,46.94438552856445,7.433871269226074,47.306915283203125,7.88118314743042,7.4607133865356445,14.260004043579102,0.5433230996131897,3551,,,,,77929680,1951954,,,,
2016-03-03,1921.2642822265625,2412.03173828125,,,,46.947296142578125,7.434967517852783,47.30718231201172,7.881799697875977,1.6538035869598389,16.667936325073242,0.6606814861297607,3738,,,,,77490248,2033368,197036,,,
2016-03-04,1907.01904296875,1973.9788818359375,,,,46.947303771972656,7.434956073760986,47.306514739990234,7.880717754364014,24.933279037475586,35.97999954223633,1.6107451915740967,3372,,,,,79160841,1910059,,,,
2016-03-05,1841.0946044921875,817.0971069335938,,,,47.301063537597656,7.878745079040527,47.483245849609375,8.254471778869629,7.471312046051025,32.350074768066406,0.5091168880462646,2098,,,,,80719117,1001210,,,,
2016-03-06,1801.659423828125,99.83903503417969,,,,47.30245590209961,7.877004146575928,47.47993469238281,8.234382629394531,3.1332008838653564,28.511577606201172,0.5044799447059631,587,,,,,82756704,203443,,,,
2016-03-07,1928.10302734375,2098.9482421875,,,,46.94728088378906,7.43497371673584,47.306541442871094,7.884154796600342,1.0958442687988281,8.30311393737793,0.5107837319374084,3320,,,,,79173420,1698906,187242,,,
2016-03-08,1923.760986328125,2341.564208984375,,,,46.939632415771484,7.398742198944092,47.307762145996094,7.881150722503662,1.1052565574645996,5.775846481323242,0.5400000214576721,4302,,,,,76799656,2527041,,,,
2016-03-09,1944.035888671875,3030.110595703125,,,,46.939632415771484,7.39874267578125,47.306541442871094,7.8807501792907715,2.230093240737915,4.038143157958984,0.5003998279571533,4363,,,,,79171786,2466204,,,,
2016-03-10,1904.828857421875,2113.5048828125,,,,46.9477653503418,7.434963703155518,47.30652618408203,7.880928993225098,1.7874505519866943,3.7700133323669434,0.5200961232185364,3049,,,,,79292108,1840021,,,,
2016-03-11,1975.85693359375,3474.8359375,,,,46.94681930541992,7.434939861297607,47.48298645019531,8.241802215576172,1.833612322807312,27.71112632751465,0.6185466647148132,6407,,,,,73379459,3415670,,,,
2016-03-12,1809.0244140625,533.8145141601562,,,,47.30426788330078,7.879448890686035,47.489501953125,8.257089614868164,8.864413261413574,34.66005325317383,0.7106335163116455,1653,,,,,79867969,875984,,,,
2016-03-13,1799.9998779296875,,,,,47.30392074584961,7.877851486206055,47.30510711669922,7.881875038146973,0.6684207320213318,1.1412712335586548,0.6519202589988708,510,,,,,86400000,,,,,
2016-03-14,1898.3785400390625,1716.0504150390625,,,,46.9472541809082,7.434965133666992,47.306312561035156,7.8928704261779785,0.6823713183403015,0.75,0.6007495522499084,3509,,,,,78868517,1786138,,,,
2016-03-15,1910.8275146484375,2327.70263671875,,,,46.945228576660156,7.430840015411377,47.306941986083984,7.941445827484131,1.7496023178100586,9.80051040649414,0.5852349996566772,4038,,,,,77272600,2040179,,,,
2016-03-16,1949.5618896484375,2995.261962890625,,,,46.94728469848633,7.434988498687744,47.30635070800781,7.880166053771973,6.974247455596924,17.497713088989258,0.5371219515800476,4539,,,,,77628647,2781445,,,,
2016-03-17,1911.2855224609375,2114.00244140625,,,,46.94729232788086,7.435000896453857,47.30657196044922,7.880148410797119,3.089299201965332,4.355709075927734,0.776208758354187,3484,,,,,79283274,2001563,,,,
2016-03-18,1902.967041015625,2017.0089111328125,,,,46.947242736816406,7.435000896453857,47.30653381347656,7.880160808563232,1.818521499633789,5.559720993041992,1.5376930236816406,3930,,,,,78272060,2114680,,,,
2016-03-19,1897.156494140625,1831.5472412109375,,,,46.77842712402344,6.63621187210083,47.31341552734375,7.893905162811279,4.0807061195373535,9.590004920959473,0.5199999809265137,3299,,,,,64954427,2029416,,,,
2016-03-20,1798.61767578125,,,,,47.30415344238281,7.879378318786621,47.30457305908203,7.880191326141357,1.0136207342147827,2.0908610820770264,0.630634605884552,65,,,,,86333654,,,,,
2016-03-21,1911.1275634765625,1915.2415771484375,,,,46.946563720703125,7.433982849121094,47.306434631347656,7.8800272941589355,1.2829805612564087,3.1978118419647217,1.0872441530227661,2864,,,,,79292571,1501008,165835,,,
2016-03-22,977.065673828125,1040.4588623046875,,,,46.94729232788086,7.434977054595947,47.30616760253906,7.880025863647461,0.8965593576431274,2.3707592487335205,0.5000999569892883,1846,,,,,40091573,1003371,,,,
2016-04-12,113.37772369384766,,,,,47.30436325073242,7.879669666290283,47.30466079711914,7.8800859451293945,,,,112,,,,,5442131,,,,,
2016-04-22,44.012577056884766,,,,,,,,,,,,57,,,,,2112604,,,,,
2016-07-13,264.9999694824219,0.0,,,,,,,,,,,0,,,,,,,,5100000,7620000,
2016-07-14,1329.5164794921875,3830.0,51.0,51.0,51.0,,,,,,,,5249,,,,,,7140000,,21060000,3240000,
2016-07-15,2087.715576171875,4285.40673828125,,,,,,,,,,,5929,,,,,,7020000,,17760000,9240000,
2016-07-16,2084.53466796875,4726.64111328125,,,,,,,,,,,6734,,,,,,6840000,,22140000,9000000,
2016-07-17,2217.151123046875,1992.2850341796875,,,,,,,,,,,3010,,,,,,8880000,,23700000,11160000,
2016-07-18,2228.99951171875,4012.745849609375,,,,,,,,,,,5547,,,,,,9480000,,17400000,6600000,
2016-07-19,1982.9927978515625,3580.9208984375,,,,,,,,,,,5028,,,,,,5340000,,21000000,5700000,
2016-07-20,2062.595703125,4124.0,,,,,,,,,,,5707,,,,,,6780000,,17160000,6240000,
2016-07-21,2050.422119140625,3155.0908203125,57.5,60.0,55.0,,,,,,,,4434,73.65788269042969,74.9000015258789,72.4000015258789,,,6900000,,19260000,5400000,
2016-07-22,2241.314697265625,4907.0390625,,,,46.9477424621582,7.4348907470703125,47.35187530517578,7.908533096313477,2.049504041671753,6.316684246063232,0.5375872254371643,6972,,,,,22234850,10486096,308307,13260000,4560000,
2016-07-23,1968.929443359375,4536.2666015625,,,,47.304237365722656,7.878904819488525,47.31260299682617,7.914252281188965,4.0548319816589355,13.860176086425781,0.5295280814170837,6318,71.05000305175781,72.0,70.0999984741211,,52848008,6922905,,18840000,7380000,
2016-07-24,1712.3636474609375,1367.0615234375,,,,47.30375671386719,7.879323959350586,47.304725646972656,7.8803324699401855,0.6835383176803589,1.6443842649459839,0.5770615339279175,2064,71.80000305175781,71.80000305175781,71.80000305175781,,45576474,2108984,,27660000,10500000,
2016-07-25,2024.010009765625,3377.51904296875,,,,46.94731903076172,7.434947490692139,47.306396484375,7.880614280700684,1.9489933252334595,2.786252021789551,0.8372573852539062,4708,,,,,48896237,7562983,,16560000,8580000,
2016-07-26,1918.1107177734375,3602.73828125,,,,46.9472541809082,7.434936046600342,47.31147766113281,7.894159317016602,1.8853442668914795,32.6406135559082,0.5300942659378052,4905,,,,,47883232,5714359,,18840000,5700000,
2016-07-27,1999.0567626953125,3747.657470703125,,,,46.94728088378906,7.43487548828125,47.306217193603516,7.880119800567627,1.6445823907852173,4.4132184982299805,1.4320963621139526,5320,72.30000305175781,72.30000305175781,72.30000305175781,,51925578,7123661,,17100000,5820000,
2016-07-28,2008.42431640625,3521.61181640625,,,,46.94721984863281,7.434968948364258,47.312904357910156,7.934980869293213,1.6784532070159912,11.745828628540039,0.5015974640846252,4948,,,,,48137970,7247194,,14160000,8100000,
2016-07-29,1950.375,3622.124755859375,,,,46.947078704833984,7.434874057769775,47.30651092529297,7.880660533905029,1.118432641029358,1.6760071516036987,0.5824946165084839,4999,,,,,53678949,6182902,,11820000,9840000,
2016-07-30,2174.6181640625,2585.5068359375,,,,47.29447555541992,7.878843307495117,47.47993087768555,8.247444152832031,4.489303112030029,11.006220817565918,0.6000833511352539,3847,,,,,37832181,10018286,,28080000,7320000,
2016-07-31,1875.6373291015625,1180.3880615234375,,,,47.249595642089844,8.083176612854004,47.48222351074219,8.239303588867188,13.181965827941895,19.315387725830078,0.5,1760,,,,,49198270,4850616,,22680000,4800000,
2016-08-01,1602.298828125,141.0401153564453,,,,47.303916931152344,7.878844261169434,47.481971740722656,8.222171783447266,1.2148727178573608,2.36603045463562,0.5,349,72.0999984741211,72.0999984741211,72.0999984741211,,72758070,126157,,6840000,4020000,
2016-08-02,1923.08984375,4133.2265625,,,,46.947269439697266,7.434702396392822,47.3127326965332,7.880585193634033,2.215456247329712,31.96007537841797,0.551089882850647,5698,,,,,57534895,5674092,,11040000,3180000,
2016-08-03,1746.558837890625,2621.120849609375,,,,46.94727325439453,7.434702396392822,47.30625915527344,7.8802266120910645,1.5779094696044922,4.610011100769043,0.5099999904632568,4763,,,,,78540026,2373971,116128,,,
2016-08-04,1737.7440185546875,2609.82421875,,,,46.9470100402832,7.434702396392822,47.30655288696289,7.880138397216797,2.28023624420166,13.530299186706543,0.5731492042541504,4516,,,,,67411637,2490269,,6780000,4380000,
2016-08-05,2422.633056640625,10482.4990234375,,,,46.94731140136719,7.434702396392822,47.32521438598633,7.902420997619629,2.7453837394714355,15.960002899169922,0.6552098989486694,6551,,,,,52530401,13899079,,13560000,660000,
2016-08-06,1632.04296875,1020.5452880859375,,,,47.30416488647461,7.879815578460693,47.304779052734375,7.880218505859375,3.2481658458709717,15.480051040649414,0.6053098440170288,1306,,,,,80245176,647051,,1500000,3780000,
2016-08-07,2170.13330078125,4562.751953125,,,,47.304344177246094,7.876566410064697,47.30540466308594,7.88026762008667,7.037321090698242,13.713299751281738,2.743884325027466,6260,69.69999694824219,69.69999694824219,69.69999694824219,,44824198,10148885,,24840000,6480000,
2016-08-08,2457.389404296875,5982.67236328125,,,,47.29644012451172,7.876587390899658,47.31235122680664,7.927532196044922,3.4796431064605713,12.55025577545166,0.5059643983840942,8009,,,,,32731174,16028257,,24480000,12120000,
2016-08-09,1777.0635986328125,1722.0191650390625,,,,47.30425262451172,7.876587390899658,47.30568313598633,7.88350772857666,0.6123388409614563,1.9304144382476807,0.5015974640846252,1626,,,,,45279162,3754811,,27780000,9300000,
2016-08-10,2252.91455078125,4130.86767578125,,,,47.304176330566406,7.876474380493164,47.3121337890625,7.913750648498535,1.5730189085006714,10.150043487548828,0.5412023663520813,5201,,,,,47332847,12342245,,16740000,9540000,
2016-08-11,1820.352783203125,3568.48681640625,,,,46.15171432495117,7.879656791687012,47.3090934753418,8.996628761291504,,,,8402,,,,,67459272,4536031,,,,
2016-08-12,1726.8790283203125,1796.16943359375,,,,46.20051956176758,8.739633560180664,46.206825256347656,8.742770195007324,,,,3752,,,,,82055542,2849159,,,,
2016-08-13,1725.082763671875,2172.670166015625,,,,46.161346435546875,8.74195671081543,46.29707336425781,8.858491897583008,0.6857700943946838,1.5768638849258423,0.5008991360664368,4584,,,,,77189601,2816742,,,,
2016-08-14,1725.42578125,1959.4852294921875,,,,46.199920654296875,8.677726745605469,46.27000427246094,8.745193481445312,3.1764020919799805,19.530000686645508,0.5032891631126404,4361,,,,,81529474,2822932,,,,
2016-08-15,1595.603271484375,366.7593994140625,,,,46.151206970214844,7.879842758178711,47.3044319152832,9.004786491394043,12.1886625289917,23.110416412353516,0.8405355215072632,1402,71.30000305175781,71.30000305175781,71.30000305175781,,68260542,450015,,5580000,3420000,
2016-08-16,1792.029296875,1872.9444580078125,,,,47.30002212524414,7.8763532638549805,47.30467224121094,7.880415439605713,1.0658931732177734,2.5200793743133545,0.5126401782035828,2620,,,,,54202562,3637438,,21300000,7260000,
2016-08-17,1632.56591796875,692.088623046875,,,,46.8993034362793,7.8776726722717285,47.31269836425781,8.627357482910156,11.509324073791504,22.870370864868164,0.7317103743553162,1435,,,,,66096363,835714,,7680000,2640000,
2016-08-18,1612.8377685546875,1079.060302734375,56.0,56.0,56.0,47.304073333740234,7.879697799682617,47.30459213256836,7.880136489868164,,,,1490,,,,,53415715,489098,,27120000,3480000,
2016-08-19,2183.9501953125,5914.84912109375,,,,47.30421447753906,7.80108642578125,47.34469985961914,7.895779609680176,3.2315313816070557,12.200003623962402,0.6181423664093018,7990,,,,,41829115,10501401,,20940000,8580000,
2016-08-20,1822.0029296875,1148.1754150390625,,,,47.30366897583008,7.879086017608643,47.304691314697266,7.88027811050415,1.0681917667388916,3.6760032176971436,0.5474486351013184,1445,,,,,48575932,4164068,,26280000,7380000,
2016-08-21,2088.965576171875,2596.312744140625,,,,47.30399703979492,7.877167224884033,47.30507278442383,7.880220413208008,1.3955994844436646,2.2694711685180664,0.5217278599739075,3206,,,,,41243414,8854526,,24120000,11760000,
2016-08-22,1985.8062744140625,4047.325927734375,,,,46.94731140136719,7.434702396392822,47.306251525878906,7.880399703979492,4.105031967163086,5.04000997543335,0.5360037088394165,5695,,,,,59465994,7011580,,11160000,3120000,
2016-08-23,1761.857421875,3079.241943359375,,,,46.947296142578125,7.434702396392822,47.30655288696289,7.941462516784668,2.7471237182617188,14.420013427734375,0.5200961232185364,5099,,,,,76139059,3086762,,,,
2016-08-24,1736.1614990234375,2793.011962890625,,,,46.9456787109375,7.434691429138184,47.306671142578125,7.880241870880127,0.8012225031852722,1.6219741106033325,0.6428841352462769,4819,,,,,80196472,2649795,,,,
2016-08-25,1689.55712890625,1938.1058349609375,,,,46.94728469848633,7.434702396392822,47.306522369384766,7.880797863006592,1.876149296760559,4.534864902496338,1.07186758518219,3292,,,,,77372720,1825222,,,,
2016-08-26,1705.83447265625,1494.81396484375,,,,46.94731903076172,7.434702396392822,47.306488037109375,7.8801727294921875,1.4859551191329956,3.307234525680542,0.6447479724884033,2725,,,,,75833880,2111878,,,,
2016-08-27,1598.7171630859375,53.26756286621094,,,,47.24369812011719,7.844935894012451,47.30632019042969,7.904938220977783,2.157719612121582,8.520023345947266,0.5001000165939331,459,,,,,82801153,241006,,,,
2016-08-28,1606.8629150390625,137.31658935546875,,,,47.23228073120117,7.822010517120361,47.30516052246094,7.904715061187744,2.2337210178375244,16.780048370361328,0.5024937987327576,711,71.69999694824219,71.69999694824219,71.69999694824219,,70788462,383991,,6420000,3840000,
2016-08-29,1820.461669921875,3117.929443359375,,,,46.94727325439453,7.434757232666016,47.3064079284668,7.880496978759766,2.8963510990142822,13.341353416442871,0.5578530430793762,3936,,,,,50517645,5122293,,19380000,5460000,
2016-08-30,1926.9195556640625,3807.662353515625,,,,46.96501541137695,7.455238342285156,47.3065299987793,7.880045413970947,0.8111931085586548,0.9166242480278015,0.7057619690895081,5250,,,,,940071,6569404,,17820000,8040000,
2016-08-31,2088.29736328125,4208.0,,,,,,,,,,,5948,,,,,,9360000,,17640000,7620000,
2016-09-01,1811.7279052734375,3737.0,,,,,,,,,,,5261,,,,,,4800000,,8820000,5460000,
2016-09-02,1585.0,20.578948974609375,,,,,,,,,,,,,,,,,,,6840000,3840000,
2016-09-03,1843.92138671875,1522.4210205078125,,,,,,,,,,,2151,,,,,,4620000,,25260000,4920000,
2016-09-04,1585.0,,,,,,,,,,,,,,,,,,,,,,
2016-09-05,1585.0,0.0,,,,,,,,,,,,,,,,,,,8700000,3660000,
2016-09-06,1735.08935546875,3471.0,,,,,,,,,,,4865,,,,,,3420000,,9960000,4320000,
2016-09-07,1585.0,,,,,,,,,,,,,,,,,,,,,,
2016-09-08,1585.0,,,,,,,,,,,,,,,,,,,,,,
2016-09-09,1585.59716796875,15.9880952835083,,,,,,,,,,,,,,,,,,,8820000,4080000,
2016-09-10,1091.6663818359375,1017.0475463867188,,,,,,,,,,,1951,,,,,,2640000,,19860000,6720000,
2016-09-11,1588.9998779296875,,,,,,,,,,,,,,,,,,,,,,
2016-09-12,1588.9998779296875,,,,,,,,,,,,,,,,,,,,,,
2016-09-13,1588.9998779296875,,,,,,,,,,,,,,,,,,,,,,
2016-09-14,1588.9998779296875,,,,,,,,,,,,,,,,,,,,,,
2016-09-15,1588.9998779296875,,,,,,,,,,,,,,,,,,,,,,
2016-09-16,1588.9998779296875,,,,,,,,,,,,,,,,,,,,,,
2016-09-17,1588.9998779296875,85.10302734375,,,,,,,,,,,,,,,,,,,11280000,3060000,
2016-09-18,1730.5294189453125,3289.89697265625,,,,,,,,,,,4253,,,,,,3600000,,25260000,7140000,
2016-09-19,1200.2467041015625,1942.0,,,,,,,,,,,2678,,,,,,3960000,,8220000,6060000,
2016-10-04,173.24513244628906,,,,,,,,,,,,,,,,,,,,,,
2016-10-05,1588.9998779296875,,,,,,,,,,,,,,,,,,,,,,
2016-10-06,1588.9998779296875,,,,,,,,,,,,,,,,,,,,,,
2016-10-07,1588.9998779296875,,,,,,,,,,,,,,,,,,,,,,
2016-10-08,1588.9998779296875,,,,,,,,,,,,,,,,,,,,,,
2016-10-09,1588.9998779296875,,,,,,,,,,,,,,,,,,,,,,
2016-10-10,1588.9998779296875,,,,,,,,,,,,,,,,,,,,,,
2016-10-11,1589.0,0.0,,,,,,,,,,,,,,,,,,,3420000,6000000,
2016-10-12,1883.0379638671875,4010.64453125,,,,,,,,,,,5540,,,,,,5340000,,12240000,10620000,
2016-10-13,1784.048583984375,4341.923828125,,,,,,,,,,,5824,,,,,,5400000,,13740000,8340000,
2016-10-14,1674.9381103515625,595.4317626953125,,,,,,,,,,,760,,,,,,1500000,,11100000,6480000,
2016-10-15,1589.0,,,,,,,,,,,,,,,,,,,,,,
2016-10-16,1589.0,,,,,,,,,,,,,,,,,,,,,,
2016-10-17,1589.0,,,,,,,,,,,,,,,,,,,,,,
2016-10-18,1589.0,0.0,,,,,,,,,,,,,,,,,,,7440000,2700000,
2016-10-19,1733.944580078125,1672.0,,,,,,,,,,,2247,,,,,,2580000,,10740000,3540000,
2016-10-20,1589.0,0.0,,,,,,,,,,,,,,,,,,,8280000,2520000,
2016-10-21,1565.370849609375,4095.0,,,,,,,,,,,5587,,,,,,6480000,,10260000,4020000,
2016-12-25,8.827777862548828,,,,,,,,,,,,,,,,,,,,,,
2016-12-26,1588.9998779296875,,,,,,,,,,,,,,,,,,,,,,
2016-12-27,1588.9998779296875,,,,,,,,,,,,,,,,,,,,,,
2016-12-28,1588.9998779296875,,,,,,,,,,,,,,,,,,,,,,
2016-12-29,1588.9998779296875,,,,,,,,,,,,,,,,,,,,,,
2016-12-30,1588.9998779296875,,,,,,,,,,,,,,,,,,,,,,
2016-12-31,1588.9998779296875,,,,,,,,,,,,,,,,,,,,,,
2017-01-01,1588.9998779296875,11.474278450012207,,,,,,,,,,,16,,,,,,,,480000,,
2017-01-02,1423.4273681640625,1074.5257568359375,,,,,,,,,,,1410,,,,,,2580000,,27180000,10680000,5820000
2017-01-05,534.5772705078125,,,,,,,,,,,,,,,,,,,,,,
2017-01-06,1588.9998779296875,,,,,,,,,,,,,,,,,,,,,,
2017-01-07,1588.9998779296875,,,,,,,,,,,,,,,,,,,,,,
2017-01-08,1588.9998779296875,,,,,,,,,,,,,,,,,,,,,,
2017-01-09,1588.9998779296875,,,,,,,,,,,,,,,,,,,,,,
2017-01-10,1588.9998779296875,,,,,,,,,,,,,,,,,,,,,,
2017-01-11,1588.9998779296875,,,,,,,,,,,,,,,,,,,,,,
2017-01-12,1630.9813232421875,448.9449157714844,,,,46.94879150390625,7.437038421630859,47.30640411376953,7.8799872398376465,2.6918022632598877,2.6918022632598877,2.6918022632598877,1135,,,,,25224455,728222,,,,
2017-01-13,274.24652099609375,,,,,47.30428695678711,7.8797125816345215,47.30536651611328,7.88002347946167,,,,,,,,,14911830,,,,,
